{"cameraMode":{"drawMode":0,"name":"Shaded","section":"Shading Mode"},"sceneLighting":true,"audioPlay":false,"sceneViewState":{"showFog":true,"showMaterialUpdate":false,"showSkybox":true,"showFlares":true,"showImageEffects":true,"showParticleSystems":true,"showVisualEffectGraphs":true,"m_FxEnabled":true},"in2DMode":false,"pivot":{"x":598.4498901367188,"y":418.2376708984375,"z":39.86737060546875},"rotation":{"x":-0.17193400859832765,"y":-0.014186462387442589,"z":0.002477873582392931,"w":-0.9850100874900818},"size":273.02423095703127,"orthographic":false}