{"cameraMode":{"drawMode":0,"name":"Shaded","section":"Shading Mode"},"sceneLighting":true,"audioPlay":false,"sceneViewState":{"showFog":true,"showMaterialUpdate":false,"showSkybox":true,"showFlares":true,"showImageEffects":true,"showParticleSystems":true,"showVisualEffectGraphs":true,"m_FxEnabled":true},"in2DMode":false,"pivot":{"x":380.06170654296877,"y":261.7528381347656,"z":6.19146728515625},"rotation":{"x":-0.10063426196575165,"y":-0.009852549992501736,"z":0.0009966997895389796,"w":-0.9948771595954895},"size":322.9055480957031,"orthographic":false}