{"cameraMode":{"drawMode":0,"name":"Shaded","section":"Shading Mode"},"sceneLighting":true,"audioPlay":false,"sceneViewState":{"showFog":true,"showMaterialUpdate":false,"showSkybox":true,"showFlares":true,"showImageEffects":true,"showParticleSystems":true,"showVisualEffectGraphs":true,"m_FxEnabled":true},"in2DMode":false,"pivot":{"x":375.9187316894531,"y":539.3365478515625,"z":0.6714019775390625},"rotation":{"x":-0.01830698922276497,"y":0.0065976716578006748,"z":-0.00011581014405237511,"w":-0.9998223185539246},"size":123.1257095336914,"orthographic":false}