{"cameraMode":{"drawMode":0,"name":"Shaded","section":"Shading Mode"},"sceneLighting":true,"audioPlay":false,"sceneViewState":{"showFog":true,"showMaterialUpdate":false,"showSkybox":true,"showFlares":true,"showImageEffects":true,"showParticleSystems":true,"showVisualEffectGraphs":true,"m_FxEnabled":true},"in2DMode":false,"pivot":{"x":573.5305786132813,"y":475.2379150390625,"z":60.838531494140628},"rotation":{"x":-0.17486442625522614,"y":-0.02156217209994793,"z":0.0038320019375532867,"w":-0.9843558073043823},"size":376.6339111328125,"orthographic":false}